Id,OrderId,ProductId,UnitPrice,Quantity
1,1,11,14.00,12
2,1,42,9.80,10
3,1,72,34.80,5
4,2,14,18.60,9
5,2,51,42.40,40
6,3,41,7.70,10
7,3,51,42.40,35
8,3,65,16.80,15
9,4,22,16.80,6
10,4,57,15.60,15
11,4,65,16.80,20
12,5,20,64.80,40
13,5,33,2.00,25
14,5,60,27.20,40
15,6,31,10.00,20
16,6,39,14.40,42
17,6,49,16.00,40
18,7,24,3.60,15
19,7,55,19.20,21
20,7,74,8.00,21
21,8,2,15.20,20
22,8,16,13.90,35
23,8,36,15.20,25
24,8,59,44.00,30
25,9,53,26.20,15
26,9,77,10.40,12
27,10,27,35.10,25
28,10,39,14.40,6
29,10,77,10.40,15
30,11,2,15.20,50
31,11,5,17.00,65
32,11,32,25.60,6
33,12,21,8.00,10
34,12,37,20.80,1
35,13,41,7.70,16
36,13,57,15.60,50
37,13,62,39.40,15
38,13,70,12.00,21
39,14,21,8.00,20
40,14,35,14.40,20
41,15,5,17.00,12
42,15,7,24.00,15
43,15,56,30.40,2
44,16,16,13.90,60
45,16,24,3.60,28
46,16,30,20.70,60
47,16,74,8.00,36
48,17,2,15.20,35
49,17,41,7.70,25
50,18,17,31.20,30
51,18,70,12.00,20
52,19,12,30.40,12
53,20,40,14.70,50
54,20,59,44.00,70
55,20,76,14.40,15
56,21,29,99.00,10
57,21,72,27.80,4
58,22,33,2.00,60
59,22,72,27.80,20
60,23,36,15.20,30
61,23,43,36.80,25
62,24,33,2.00,24
63,25,20,64.80,6
64,25,31,10.00,40
65,25,72,27.80,24
66,26,10,24.80,24
67,26,31,10.00,15
68,26,33,2.00,20
69,26,40,14.70,60
70,26,76,14.40,33
71,27,71,17.20,20
72,27,72,27.80,7
73,28,24,3.60,12
74,28,59,44.00,6
75,29,10,24.80,15
76,29,13,4.80,10
77,30,28,36.40,20
78,30,62,39.40,12
79,31,44,15.50,16
80,31,59,44.00,15
81,31,63,35.10,8
82,31,73,12.00,25
83,32,17,31.20,15
84,33,24,3.60,12
85,33,55,19.20,20
86,33,75,6.20,30
87,34,19,7.30,1
88,34,24,3.60,6
89,34,35,14.40,4
90,35,30,20.70,6
91,35,57,15.60,2
92,36,15,12.40,20
93,36,19,7.30,18
94,36,60,27.20,35
95,36,72,27.80,3
96,37,27,35.10,15
97,37,44,15.50,21
98,37,60,27.20,20
99,37,67,11.20,5
100,38,1,14.40,45
101,38,40,14.70,40
102,38,53,26.20,36
103,39,35,14.40,100
104,39,62,39.40,40
105,40,16,13.90,40
106,40,34,11.20,20
107,40,46,9.60,15
108,41,54,5.90,10
109,41,68,10.00,3
110,42,3,8.00,30
111,42,64,26.60,9
112,43,5,17.00,20
113,43,29,99.00,15
114,43,49,16.00,15
115,43,77,10.40,10
116,44,13,4.80,20
117,44,44,15.50,24
118,44,51,42.40,2
119,45,20,64.80,20
120,46,18,50.00,12
121,46,24,3.60,10
122,46,63,35.10,5
123,46,75,6.20,6
124,47,1,14.40,18
125,47,17,31.20,15
126,47,43,36.80,15
127,47,60,27.20,21
128,47,75,6.20,6
129,48,56,30.40,4
130,49,11,16.80,12
131,49,16,13.90,30
132,49,69,28.80,15
133,50,39,14.40,60
134,50,72,27.80,20
135,51,2,15.20,40
136,51,36,15.20,40
137,51,59,44.00,30
138,51,62,39.40,15
139,52,19,7.30,15
140,52,70,12.00,20
141,53,66,13.60,30
142,53,68,10.00,20
143,54,40,14.70,10
144,54,56,30.40,20
145,55,17,31.20,40
146,55,28,36.40,28
147,55,43,36.80,12
148,56,40,14.70,40
149,56,65,16.80,30
150,56,68,10.00,15
151,57,49,16.00,30
152,57,59,44.00,10
153,57,71,17.20,2
154,58,18,50.00,25
155,58,29,99.00,25
156,58,39,14.40,30
157,59,30,20.70,10
158,59,53,26.20,10
159,59,54,5.90,5
160,60,62,39.40,10
161,60,68,10.00,3
162,61,69,28.80,1
163,61,70,12.00,5
164,62,4,17.60,20
165,62,6,20.00,30
166,62,42,11.20,2
167,62,43,36.80,20
168,62,71,17.20,3
169,63,16,13.90,10
170,63,62,39.40,5
171,64,42,11.20,6
172,64,69,28.80,7
173,65,28,36.40,4
174,65,43,36.80,24
175,65,53,26.20,20
176,65,75,6.20,10
177,66,36,15.20,12
178,67,32,25.60,40
179,67,58,10.60,30
180,67,62,39.40,25
181,68,34,11.20,14
182,68,70,12.00,30
183,69,41,7.70,10
184,69,62,39.40,70
185,70,1,14.40,20
186,71,41,7.70,20
187,71,76,14.40,6
188,72,17,31.20,8
189,72,28,36.40,14
190,72,76,14.40,30
191,73,71,17.20,30
192,74,35,14.40,10
193,75,52,5.60,20
194,76,15,12.40,5
195,76,25,11.20,4
196,76,39,14.40,4
197,77,16,13.90,21
198,77,35,14.40,70
199,77,46,9.60,30
200,77,59,44.00,40
201,77,63,35.10,80
202,78,6,20.00,6
203,78,13,4.80,12
204,78,14,18.60,9
205,78,31,10.00,4
206,78,72,27.80,40
207,79,4,17.60,24
208,79,57,15.60,16
209,79,75,6.20,50
210,80,2,15.20,25
211,80,11,16.80,50
212,80,30,20.70,35
213,80,58,10.60,30
214,81,59,44.00,9
215,81,65,16.80,40
216,81,68,10.00,10
217,82,19,7.30,10
218,82,30,20.70,8
219,82,38,210.80,20
220,82,56,30.40,12
221,83,26,24.90,50
222,83,72,27.80,25
223,84,54,5.90,15
224,85,18,50.00,40
225,85,42,11.20,10
226,85,47,7.60,16
227,86,14,18.60,10
228,86,21,8.00,10
229,86,71,17.20,40
230,87,52,5.60,8
231,87,68,10.00,10
232,88,2,15.20,7
233,88,31,10.00,25
234,88,32,25.60,6
235,88,51,42.40,48
236,89,4,17.60,18
237,90,23,7.20,40
238,90,26,24.90,24
239,90,36,15.20,20
240,90,37,20.80,28
241,90,72,27.80,25
242,91,17,31.20,20
243,91,30,20.70,15
244,92,4,17.60,10
245,92,17,31.20,70
246,92,62,39.40,28
247,93,18,50.00,20
248,93,41,7.70,12
249,93,43,36.80,40
250,94,33,2.00,8
251,94,59,44.00,9
252,95,2,15.20,24
253,95,31,10.00,56
254,95,36,15.20,40
255,95,55,19.20,40
256,96,64,26.60,50
257,96,68,10.00,4
258,96,76,14.40,15
259,97,4,17.60,35
260,97,8,32.00,70
261,98,8,32.00,70
262,98,19,7.30,80
263,98,42,11.20,9
264,99,17,31.20,36
265,99,56,30.40,20
266,100,25,11.20,10
267,100,39,14.40,50
268,100,40,14.70,4
269,100,75,6.20,6
270,101,1,14.40,15
271,101,23,7.20,25
272,102,54,5.90,24
273,103,50,13.00,15
274,103,69,28.80,18
275,104,38,210.80,20
276,104,41,7.70,13
277,104,44,15.50,77
278,104,65,16.80,10
279,105,24,3.60,10
280,105,54,5.90,20
281,106,11,16.80,12
282,106,38,210.80,50
283,107,1,14.40,12
284,107,29,99.00,4
285,108,24,3.60,25
286,108,57,15.60,25
287,109,31,10.00,30
288,109,55,19.20,12
289,109,69,28.80,20
290,110,10,24.80,30
291,110,26,24.90,16
292,110,60,27.20,8
293,111,24,3.60,10
294,111,34,11.20,10
295,111,36,15.20,20
296,112,16,13.90,56
297,112,31,10.00,70
298,112,60,27.20,80
299,113,28,36.40,30
300,113,29,99.00,35
301,113,38,210.80,10
302,113,49,16.00,35
303,113,54,5.90,28
304,114,39,14.40,54
305,114,60,27.20,55
306,115,25,11.20,50
307,115,51,42.40,20
308,115,54,5.90,24
309,116,31,10.00,20
310,116,75,6.20,12
311,116,76,14.40,12
312,117,69,28.80,30
313,117,71,17.20,5
314,118,11,16.80,24
315,119,65,16.80,5
316,119,77,10.40,5
317,120,34,11.20,36
318,120,54,5.90,18
319,120,65,16.80,15
320,120,77,10.40,7
321,121,21,8.00,5
322,121,28,36.40,13
323,121,57,15.60,25
324,121,64,26.60,35
325,122,29,99.00,20
326,122,56,30.40,18
327,123,1,14.40,15
328,123,64,26.60,30
329,123,74,8.00,20
330,124,36,15.20,6
331,125,20,64.80,12
332,125,38,210.80,40
333,125,60,27.20,70
334,125,72,27.80,42
335,126,58,10.60,80
336,126,71,17.20,50
337,127,31,10.00,30
338,127,58,10.60,15
339,128,14,18.60,15
340,128,54,5.90,10
341,129,31,10.00,42
342,130,28,36.40,20
343,130,39,14.40,20
344,131,71,17.20,6
345,132,41,7.70,8
346,132,63,35.10,16
347,132,65,16.80,20
348,133,30,20.70,18
349,133,53,26.20,20
350,133,60,27.20,6
351,133,70,12.00,30
352,134,74,8.00,14
353,135,5,17.00,32
354,135,18,50.00,9
355,135,29,99.00,14
356,135,33,2.00,60
357,135,74,8.00,50
358,136,13,4.80,20
359,136,50,13.00,15
360,136,56,30.40,20
361,137,20,64.80,28
362,137,60,27.20,15
363,138,7,24.00,10
364,138,60,27.20,20
365,138,68,10.00,8
366,139,24,3.60,15
367,139,34,11.20,10
368,140,24,3.60,15
369,140,28,36.40,6
370,140,59,44.00,12
371,140,71,17.20,15
372,141,45,7.60,15
373,141,52,5.60,20
374,141,53,26.20,40
375,142,10,24.80,16
376,142,55,19.20,15
377,142,62,39.40,20
378,142,70,12.00,30
379,143,31,10.00,60
380,143,35,14.40,40
381,143,46,9.60,45
382,143,72,27.80,24
383,144,13,4.80,18
384,145,69,28.80,50
385,146,2,15.20,25
386,146,14,18.60,42
387,146,25,11.20,7
388,146,26,24.90,70
389,146,31,10.00,32
390,147,13,4.80,10
391,147,62,39.40,10
392,148,46,9.60,28
393,148,53,26.20,70
394,148,69,28.80,8
395,149,23,7.20,40
396,149,71,17.20,60
397,149,72,27.80,21
398,150,21,8.00,10
399,150,51,42.40,18
400,151,35,14.40,30
401,151,55,19.20,120
402,152,68,10.00,60
403,152,71,17.20,30
404,152,76,14.40,35
405,152,77,10.40,14
406,153,29,99.00,21
407,153,35,14.40,35
408,153,49,16.00,30
409,154,30,20.70,18
410,154,56,30.40,70
411,154,65,16.80,20
412,154,71,17.20,60
413,155,23,7.20,60
414,155,63,35.10,65
415,156,16,13.90,21
416,156,48,10.20,70
417,157,26,24.90,30
418,157,42,11.20,40
419,157,49,16.00,30
420,158,3,8.00,50
421,159,1,14.40,10
422,159,21,8.00,30
423,159,28,36.40,42
424,159,36,15.20,5
425,159,40,14.70,2
426,160,11,16.80,30
427,160,69,28.80,15
428,160,71,17.20,15
429,161,37,20.80,10
430,161,54,5.90,6
431,161,62,39.40,35
432,162,14,18.60,12
433,162,21,8.00,12
434,163,33,2.00,49
435,163,59,44.00,16
436,164,41,7.70,25
437,164,44,15.50,40
438,164,59,44.00,9
439,165,14,18.60,20
440,166,1,14.40,24
441,166,62,39.40,40
442,166,76,14.40,14
443,167,19,7.30,18
444,167,33,2.00,50
445,168,17,31.20,2
446,168,33,2.00,20
447,169,19,7.30,20
448,169,53,26.20,10
449,169,57,15.60,20
450,170,38,210.80,50
451,170,46,9.60,2
452,170,68,10.00,36
453,170,77,10.40,35
454,171,2,15.20,60
455,171,47,7.60,55
456,171,61,22.80,16
457,171,74,8.00,15
458,172,60,27.20,60
459,172,69,28.80,20
460,173,9,77.60,20
461,173,13,4.80,2
462,173,70,12.00,8
463,173,73,12.00,20
464,174,19,7.30,4
465,174,26,24.90,30
466,174,53,26.20,15
467,174,77,10.40,10
468,175,26,24.90,2
469,176,31,10.00,14
470,176,59,44.00,20
471,177,35,14.40,60
472,177,38,210.80,49
473,177,68,10.00,30
474,178,55,19.20,10
475,178,76,14.40,20
476,179,56,30.40,5
477,179,64,26.60,7
478,180,14,18.60,35
479,181,46,9.60,20
480,182,50,13.00,40
481,182,63,35.10,35
482,183,17,31.20,45
483,183,21,8.00,50
484,183,56,30.40,30
485,183,59,44.00,70
486,184,17,31.20,50
487,184,40,14.70,50
488,184,47,7.60,30
489,185,26,24.90,10
490,185,54,5.90,40
491,186,56,30.40,28
492,187,11,16.80,6
493,187,76,14.40,18
494,188,2,15.20,10
495,188,22,16.80,12
496,188,72,27.80,10
497,189,46,9.60,5
498,189,56,30.40,40
499,189,64,26.60,30
500,189,75,6.20,24
501,190,53,26.20,15
502,191,19,7.30,15
503,191,34,11.20,20
504,191,57,15.60,15
505,192,12,30.40,15
506,192,16,13.90,16
507,192,64,26.60,6
508,192,74,8.00,30
509,193,2,15.20,45
510,193,16,13.90,49
511,193,29,99.00,24
512,193,61,22.80,90
513,194,27,35.10,50
514,195,11,16.80,30
515,195,54,5.90,80
516,195,66,13.60,60
517,196,11,16.80,6
518,196,28,36.40,12
519,197,17,31.20,10
520,197,26,24.90,15
521,197,35,14.40,8
522,197,41,7.70,30
523,198,39,14.40,6
524,198,54,5.90,15
525,199,19,7.30,12
526,199,24,3.60,20
527,199,31,10.00,3
528,199,52,5.60,15
529,200,19,7.30,40
530,200,65,16.80,35
531,200,71,17.20,2
532,201,26,24.90,6
533,201,40,14.70,20
534,202,10,24.80,14
535,202,52,5.60,20
536,202,62,39.40,35
537,203,10,24.80,20
538,203,54,5.90,6
539,204,55,19.20,120
540,204,64,26.60,35
541,204,65,16.80,28
542,204,77,10.40,55
543,205,28,36.40,15
544,205,44,15.50,100
545,206,48,10.20,15
546,206,70,12.00,25
547,207,16,13.90,20
548,207,33,2.00,20
549,207,46,9.60,10
550,208,39,14.40,20
551,208,53,26.20,50
552,208,61,22.80,25
553,208,71,17.20,30
554,209,21,8.00,40
555,209,49,16.00,21
556,210,59,44.00,36
557,211,26,24.90,30
558,211,28,36.40,30
559,211,43,36.80,20
560,211,56,30.40,15
561,211,71,17.20,50
562,212,7,24.00,16
563,212,46,9.60,20
564,212,72,27.80,40
565,213,68,10.00,21
566,213,75,6.20,4
567,214,21,8.00,40
568,214,30,20.70,28
569,214,55,19.20,60
570,215,13,4.80,1
571,215,23,7.20,21
572,216,19,7.30,21
573,216,42,11.20,50
574,217,4,17.60,16
575,217,43,36.80,3
576,217,56,30.40,30
577,217,60,27.20,20
578,218,24,3.60,25
579,218,29,99.00,18
580,218,40,14.70,20
581,218,45,7.60,30
582,218,50,13.00,25
583,219,11,16.80,10
584,219,46,9.60,5
585,220,24,3.60,28
586,220,25,11.20,12
587,221,30,20.70,8
588,221,43,36.80,15
589,222,2,15.20,40
590,222,16,13.90,35
591,222,44,15.50,2
592,223,18,50.00,30
593,223,23,7.20,15
594,223,64,26.60,8
595,224,7,24.00,30
596,224,56,30.40,20
597,225,24,3.60,80
598,225,51,42.40,18
599,226,33,2.00,12
600,226,71,17.20,12
601,227,14,18.60,12
602,227,28,36.40,18
603,227,40,14.70,21
604,227,75,6.20,10
605,228,31,10.00,35
606,228,66,13.60,60
607,228,76,14.40,42
608,229,55,19.20,2
609,229,70,12.00,12
610,230,1,14.40,15
611,230,21,8.00,21
612,230,39,14.40,20
613,231,10,24.80,20
614,232,38,210.80,30
615,232,53,26.20,28
616,232,59,44.00,60
617,232,64,26.60,30
618,233,47,7.60,30
619,233,59,44.00,12
620,234,49,16.00,24
621,234,60,27.20,40
622,235,40,14.70,10
623,236,34,11.20,35
624,236,77,10.40,30
625,237,21,8.00,14
626,237,40,14.70,10
627,237,51,42.40,3
628,238,2,15.20,20
629,238,3,8.00,20
630,238,55,19.20,30
631,238,70,12.00,60
632,239,11,16.80,5
633,239,51,42.40,25
634,239,74,8.00,16
635,240,19,7.30,5
636,240,26,24.90,30
637,240,54,5.90,24
638,241,59,44.00,30
639,241,73,12.00,20
640,242,11,16.80,15
641,242,16,13.90,18
642,243,59,44.00,60
643,243,68,10.00,30
644,243,75,6.20,36
645,244,44,15.50,15
646,244,77,10.40,7
647,245,25,11.20,60
648,245,42,11.20,20
649,246,65,16.80,15
650,246,66,13.60,10
651,246,69,28.80,10
652,247,56,30.40,30
653,248,23,7.20,10
654,248,41,7.70,20
655,248,77,10.40,5
656,249,31,10.00,20
657,250,56,30.40,14
658,250,72,27.80,25
659,250,77,10.40,25
660,251,24,4.50,14
661,251,40,18.40,5
662,251,42,14.00,30
663,252,28,45.60,20
664,252,49,20.00,25
665,253,15,15.50,12
666,253,28,45.60,8
667,254,54,7.45,20
668,255,45,9.50,21
669,255,53,32.80,6
670,255,67,14.00,30
671,256,14,23.25,70
672,256,65,21.05,20
673,257,2,19.00,12
674,257,21,10.00,12
675,257,53,32.80,10
676,257,61,28.50,25
677,258,62,49.30,3
678,259,25,14.00,18
679,259,70,15.00,14
680,260,43,46.00,15
681,260,48,12.75,15
682,261,13,6.00,10
683,261,39,18.00,10
684,262,28,45.60,3
685,263,29,123.79,36
686,263,75,7.75,36
687,264,4,22.00,50
688,264,7,30.00,50
689,264,8,40.00,10
690,265,24,4.50,10
691,265,46,12.00,9
692,265,47,9.50,6
693,265,60,34.00,12
694,266,21,10.00,40
695,266,32,32.00,50
696,266,61,28.50,15
697,267,20,81.00,39
698,267,28,45.60,35
699,267,56,38.00,70
700,267,65,21.05,39
701,267,75,7.75,50
702,268,9,97.00,16
703,268,16,17.45,50
704,268,27,43.90,120
705,268,33,2.50,16
706,268,60,34.00,84
707,269,18,62.50,25
708,269,41,9.65,80
709,269,42,14.00,20
710,270,52,7.00,6
711,270,59,55.00,4
712,270,70,15.00,6
713,271,24,4.50,5
714,271,38,263.50,15
715,271,44,19.45,9
716,272,10,31.00,16
717,272,56,38.00,40
718,272,60,34.00,10
719,273,24,4.50,8
720,273,53,32.80,5
721,274,35,18.00,3
722,274,41,9.65,10
723,274,68,12.50,6
724,275,1,18.00,40
725,275,8,40.00,24
726,275,30,25.89,20
727,275,40,18.40,25
728,276,17,39.00,25
729,276,20,81.00,15
730,276,37,26.00,18
731,276,41,9.65,6
732,277,10,31.00,2
733,277,30,25.89,10
734,277,43,46.00,60
735,277,54,7.45,15
736,278,36,19.00,30
737,278,40,18.40,15
738,279,1,18.00,8
739,279,13,6.00,10
740,279,56,38.00,30
741,280,4,22.00,50
742,280,36,19.00,30
743,281,11,21.00,3
744,281,33,2.50,8
745,281,72,34.80,9
746,282,55,24.00,14
747,282,68,12.50,20
748,282,69,36.00,10
749,283,17,39.00,40
750,283,43,46.00,25
751,283,61,28.50,20
752,283,76,18.00,50
753,284,59,55.00,2
754,285,30,25.89,15
755,285,66,17.00,24
756,286,4,22.00,50
757,286,72,34.80,24
758,286,73,15.00,24
759,287,30,25.89,10
760,287,40,18.40,10
761,287,54,7.45,10
762,288,11,21.00,50
763,288,40,18.40,10
764,288,57,19.50,5
765,288,59,55.00,15
766,289,12,38.00,15
767,289,31,12.50,20
768,289,33,2.50,30
769,289,60,34.00,35
770,290,31,12.50,30
771,290,51,53.00,6
772,290,58,13.25,20
773,290,72,34.80,21
774,290,73,15.00,9
775,291,70,15.00,7
776,291,72,34.80,1
777,292,13,6.00,8
778,292,21,10.00,15
779,292,33,2.50,15
780,292,49,20.00,6
781,293,3,10.00,60
782,293,26,31.23,40
783,293,38,263.50,30
784,293,68,12.50,35
785,294,24,4.50,35
786,294,38,263.50,4
787,294,65,21.05,36
788,294,71,21.50,9
789,295,11,21.00,15
790,295,54,7.45,24
791,296,12,38.00,30
792,296,23,9.00,70
793,297,28,45.60,7
794,297,67,14.00,7
795,298,11,21.00,10
796,299,7,30.00,10
797,299,35,18.00,30
798,299,62,49.30,40
799,300,32,32.00,24
800,300,36,19.00,60
801,301,34,14.00,10
802,301,41,9.65,14
803,302,31,12.50,55
804,302,45,9.50,100
805,302,51,53.00,48
806,303,17,39.00,8
807,303,19,9.20,10
808,303,21,10.00,6
809,303,61,28.50,10
810,304,16,17.45,40
811,304,35,18.00,20
812,304,44,19.45,40
813,305,69,36.00,18
814,305,75,7.75,30
815,306,11,21.00,15
816,306,16,17.45,14
817,306,22,21.00,24
818,306,31,12.50,30
819,306,35,18.00,6
820,307,16,17.45,30
821,307,23,9.00,20
822,307,62,49.30,20
823,307,77,13.00,10
824,308,14,23.25,30
825,308,19,9.20,35
826,308,24,4.50,18
827,308,51,53.00,20
828,308,56,38.00,40
829,309,72,34.80,24
830,310,64,33.25,30
831,310,75,7.75,20
832,311,47,9.50,25
833,311,51,53.00,20
834,311,52,7.00,30
835,311,53,32.80,18
836,311,73,15.00,3
837,312,41,9.65,12
838,312,55,24.00,18
839,313,30,25.89,20
840,313,62,49.30,15
841,314,44,19.45,10
842,314,51,53.00,50
843,315,33,2.50,20
844,315,62,49.30,10
845,316,36,19.00,25
846,316,52,7.00,70
847,317,17,39.00,16
848,317,31,12.50,6
849,317,55,24.00,25
850,318,24,4.50,25
851,318,64,33.25,18
852,319,11,21.00,35
853,319,18,62.50,18
854,319,76,18.00,10
855,320,31,12.50,60
856,320,51,53.00,3
857,320,59,55.00,40
858,321,10,31.00,5
859,322,31,12.50,35
860,322,76,18.00,30
861,323,11,21.00,15
862,323,56,38.00,60
863,324,14,23.25,11
864,324,42,14.00,28
865,325,16,17.45,12
866,325,32,32.00,10
867,325,40,18.40,50
868,325,75,7.75,15
869,326,17,39.00,18
870,326,34,14.00,40
871,326,53,32.80,25
872,327,33,2.50,14
873,327,40,18.40,2
874,327,62,49.30,10
875,327,64,33.25,6
876,328,59,55.00,12
877,328,63,43.90,6
878,328,72,34.80,30
879,328,76,18.00,10
880,329,1,18.00,10
881,329,31,12.50,20
882,329,44,19.45,21
883,330,39,18.00,10
884,330,75,7.75,20
885,330,77,13.00,18
886,331,35,18.00,20
887,331,57,19.50,6
888,332,15,15.50,10
889,332,75,7.75,21
890,333,14,23.25,15
891,333,41,9.65,9
892,333,65,21.05,30
893,334,75,7.75,50
894,335,57,19.50,4
895,335,76,18.00,14
896,336,29,123.79,10
897,336,60,34.00,24
898,336,69,36.00,10
899,337,31,12.50,50
900,338,47,9.50,15
901,339,52,7.00,4
902,340,26,31.23,6
903,340,35,18.00,20
904,340,77,13.00,20
905,341,18,62.50,40
906,341,42,14.00,100
907,342,35,18.00,4
908,343,1,18.00,20
909,343,77,13.00,60
910,344,3,10.00,14
911,344,7,30.00,10
912,344,54,7.45,50
913,345,15,15.50,25
914,345,26,31.23,5
915,346,20,81.00,21
916,346,69,36.00,20
917,346,76,18.00,4
918,347,52,7.00,24
919,347,58,13.25,30
920,348,35,18.00,30
921,348,61,28.50,120
922,348,69,36.00,65
923,349,56,38.00,5
924,349,63,43.90,24
925,349,75,7.75,30
926,350,24,4.50,35
927,350,57,19.50,20
928,350,65,21.05,12
929,351,27,43.90,50
930,351,71,21.50,9
931,352,62,49.30,10
932,353,54,7.45,4
933,353,73,15.00,30
934,354,13,6.00,60
935,354,59,55.00,35
936,355,77,13.00,5
937,356,22,21.00,48
938,356,49,20.00,25
939,357,48,12.75,6
940,357,76,18.00,10
941,358,16,17.45,30
942,358,59,55.00,20
943,358,60,34.00,70
944,358,71,21.50,15
945,359,4,22.00,20
946,359,55,24.00,20
947,359,62,49.30,10
948,360,7,30.00,45
949,360,17,39.00,100
950,360,33,2.50,14
951,360,40,18.40,42
952,360,72,34.80,12
953,361,56,38.00,28
954,362,1,18.00,3
955,362,10,31.00,10
956,362,21,10.00,6
957,363,36,19.00,21
958,364,1,18.00,6
959,364,2,19.00,10
960,364,60,34.00,15
961,365,10,31.00,70
962,365,36,19.00,55
963,365,49,20.00,18
964,365,60,34.00,40
965,365,76,18.00,80
966,366,13,6.00,8
967,366,75,7.75,40
968,367,11,21.00,14
969,367,21,10.00,8
970,367,39,18.00,5
971,368,55,24.00,5
972,369,38,263.50,15
973,369,56,38.00,14
974,369,70,15.00,15
975,369,71,21.50,15
976,370,59,55.00,30
977,371,6,25.00,70
978,371,56,38.00,20
979,371,68,12.50,15
980,372,21,10.00,42
981,372,22,21.00,40
982,373,24,4.50,5
983,373,52,7.00,5
984,374,19,9.20,5
985,374,23,9.00,10
986,374,70,15.00,20
987,374,71,21.50,15
988,375,2,19.00,20
989,375,68,12.50,18
990,376,14,23.25,21
991,376,19,9.20,15
992,376,21,10.00,25
993,376,24,4.50,3
994,376,35,18.00,30
995,377,28,45.60,10
996,377,29,123.79,6
997,377,44,19.45,10
998,378,14,23.25,3
999,378,42,14.00,5
1000,378,60,34.00,10
1001,379,53,32.80,12
1002,379,60,34.00,20
1003,379,71,21.50,20
1004,380,62,49.30,15
1005,380,73,15.00,35
1006,381,1,18.00,25
1007,382,29,123.79,20
1008,382,64,33.25,9
1009,383,55,24.00,12
1010,383,76,18.00,35
1011,384,75,7.75,8
1012,385,2,19.00,30
1013,385,33,2.50,20
1014,386,12,38.00,36
1015,386,13,6.00,13
1016,386,26,31.23,35
1017,386,62,49.30,80
1018,387,7,30.00,35
1019,387,18,62.50,50
1020,387,51,53.00,15
1021,387,75,7.75,2
1022,388,4,22.00,10
1023,388,5,21.35,15
1024,388,22,21.00,40
1025,389,4,22.00,25
1026,389,58,13.25,6
1027,390,11,21.00,10
1028,390,50,16.25,25
1029,390,56,38.00,60
1030,391,45,9.50,20
1031,391,65,21.05,21
1032,391,72,34.80,60
1033,392,18,62.50,8
1034,393,69,36.00,20
1035,393,70,15.00,15
1036,394,2,19.00,50
1037,394,40,18.40,60
1038,395,21,10.00,30
1039,395,61,28.50,20
1040,396,28,45.60,15
1041,396,39,18.00,21
1042,396,46,12.00,2
1043,397,18,62.50,4
1044,397,43,46.00,20
1045,397,46,12.00,21
1046,398,18,62.50,20
1047,398,36,19.00,15
1048,399,1,18.00,15
1049,399,10,31.00,18
1050,399,71,21.50,30
1051,399,77,13.00,35
1052,400,19,9.20,30
1053,400,39,18.00,20
1054,401,22,21.00,15
1055,401,24,4.50,15
1056,402,28,45.60,20
1057,402,72,34.80,15
1058,403,30,25.89,30
1059,403,53,32.80,25
1060,403,54,7.45,30
1061,404,19,9.20,12
1062,404,22,21.00,20
1063,405,30,25.89,2
1064,405,42,14.00,20
1065,406,16,17.45,30
1066,406,60,34.00,20
1067,407,4,22.00,12
1068,407,39,18.00,20
1069,407,54,7.45,6
1070,408,41,9.65,20
1071,409,14,23.25,3
1072,409,44,19.45,28
1073,409,47,9.50,6
1074,410,15,15.50,50
1075,410,41,9.65,24
1076,410,46,12.00,45
1077,410,47,9.50,10
1078,410,56,38.00,45
1079,410,60,34.00,30
1080,411,21,10.00,60
1081,411,40,18.40,70
1082,411,60,34.00,55
1083,411,77,13.00,70
1084,412,31,12.50,20
1085,412,40,18.40,24
1086,412,70,15.00,40
1087,413,20,81.00,21
1088,414,39,18.00,3
1089,414,58,13.25,49
1090,415,68,12.50,10
1091,416,40,18.40,30
1092,416,42,14.00,30
1093,416,51,53.00,20
1094,417,10,31.00,24
1095,417,56,38.00,12
1096,417,65,21.05,15
1097,418,51,53.00,20
1098,418,59,55.00,1
1099,418,76,18.00,10
1100,419,29,123.79,36
1101,419,65,21.05,10
1102,420,69,36.00,45
1103,420,71,21.50,14
1104,421,31,12.50,8
1105,421,55,24.00,4
1106,421,64,33.25,15
1107,422,36,19.00,30
1108,423,23,9.00,32
1109,423,46,12.00,60
1110,423,67,14.00,25
1111,423,73,15.00,50
1112,423,75,7.75,25
1113,424,16,17.45,10
1114,424,62,49.30,10
1115,424,65,21.05,12
1116,425,38,263.50,15
1117,425,71,21.50,12
1118,426,16,17.45,3
1119,426,42,14.00,6
1120,426,43,46.00,6
1121,427,23,9.00,5
1122,428,14,23.25,30
1123,428,53,32.80,10
1124,428,58,13.25,30
1125,429,10,31.00,2
1126,429,19,9.20,7
1127,429,44,19.45,21
1128,430,26,31.23,30
1129,430,33,2.50,8
1130,431,12,38.00,100
1131,431,33,2.50,30
1132,431,41,9.65,120
1133,431,54,7.45,30
1134,432,59,55.00,12
1135,433,16,17.45,50
1136,433,31,12.50,20
1137,433,42,14.00,40
1138,434,19,9.20,30
1139,434,21,10.00,12
1140,434,64,33.25,28
1141,435,33,2.50,30
1142,435,66,17.00,4
1143,435,75,7.75,30
1144,436,52,7.00,9
1145,437,40,18.40,20
1146,437,47,9.50,40
1147,437,60,34.00,30
1148,438,10,31.00,20
1149,438,41,9.65,4
1150,438,47,9.50,15
1151,439,17,39.00,30
1152,439,26,31.23,15
1153,440,9,97.00,50
1154,440,29,123.79,10
1155,440,36,19.00,6
1156,441,10,31.00,18
1157,441,28,45.60,60
1158,441,34,14.00,14
1159,442,1,18.00,35
1160,443,56,38.00,20
1161,443,77,13.00,30
1162,444,1,18.00,30
1163,444,29,123.79,40
1164,444,43,46.00,40
1165,444,44,19.45,24
1166,444,62,49.30,48
1167,445,63,43.90,20
1168,446,9,97.00,6
1169,446,54,7.45,60
1170,446,69,36.00,30
1171,446,73,15.00,15
1172,447,7,30.00,90
1173,447,59,55.00,25
1174,447,70,15.00,50
1175,448,8,40.00,10
1176,448,12,38.00,4
1177,448,24,4.50,20
1178,449,17,39.00,20
1179,449,46,12.00,18
1180,450,19,9.20,7
1181,450,35,18.00,9
1182,450,58,13.25,30
1183,450,70,15.00,30
1184,451,11,21.00,15
1185,451,17,39.00,8
1186,451,29,123.79,12
1187,451,65,21.05,65
1188,451,70,15.00,8
1189,452,47,9.50,12
1190,453,1,18.00,5
1191,453,34,14.00,12
1192,453,68,12.50,40
1193,453,71,21.50,60
1194,454,59,55.00,42
1195,454,71,21.50,20
1196,454,76,18.00,35
1197,455,3,10.00,6
1198,455,76,18.00,15
1199,456,2,19.00,5
1200,456,59,55.00,35
1201,456,73,15.00,35
1202,457,4,22.00,6
1203,457,24,4.50,35
1204,457,48,12.75,24
1205,458,31,12.50,20
1206,458,32,32.00,4
1207,459,16,17.45,20
1208,459,43,46.00,24
1209,459,59,55.00,8
1210,460,55,24.00,21
1211,460,57,19.50,40
1212,460,70,15.00,28
1213,461,5,21.35,4
1214,461,36,19.00,5
1215,462,8,40.00,40
1216,462,51,53.00,28
1217,462,60,34.00,10
1218,463,19,9.20,5
1219,463,47,9.50,5
1220,464,19,9.20,12
1221,464,41,9.65,42
1222,464,53,32.80,120
1223,465,53,32.80,3
1224,465,56,38.00,30
1225,466,10,31.00,18
1226,466,26,31.23,30
1227,466,45,9.50,110
1228,466,46,12.00,24
1229,467,2,19.00,30
1230,467,17,39.00,27
1231,467,47,9.50,50
1232,467,56,38.00,18
1233,467,58,13.25,12
1234,468,10,31.00,21
1235,468,71,21.50,30
1236,469,21,10.00,5
1237,469,51,53.00,7
1238,469,61,28.50,10
1239,470,21,10.00,32
1240,470,54,7.45,15
1241,470,69,36.00,25
1242,471,12,38.00,36
1243,471,16,17.45,20
1244,471,36,19.00,40
1245,471,62,49.30,20
1246,472,18,62.50,12
1247,472,30,25.89,3
1248,472,54,7.45,40
1249,473,35,18.00,21
1250,473,71,21.50,8
1251,474,44,19.45,50
1252,475,2,19.00,3
1253,475,31,12.50,50
1254,475,68,12.50,45
1255,475,75,7.75,42
1256,476,26,31.23,15
1257,477,10,31.00,16
1258,477,61,28.50,5
1259,478,41,9.65,12
1260,478,52,7.00,4
1261,478,55,24.00,6
1262,479,4,22.00,25
1263,479,11,21.00,5
1264,480,17,39.00,20
1265,480,56,38.00,10
1266,480,59,55.00,10
1267,481,30,25.89,15
1268,481,40,18.40,6
1269,481,55,24.00,12
1270,481,60,34.00,15
1271,482,1,18.00,50
1272,482,21,10.00,30
1273,482,50,16.25,40
1274,483,16,17.45,15
1275,483,31,12.50,3
1276,483,65,21.05,10
1277,484,21,10.00,40
1278,484,51,53.00,30
1279,485,76,18.00,20
1280,486,14,23.25,16
1281,486,28,45.60,20
1282,486,52,7.00,25
1283,487,6,25.00,30
1284,487,30,25.89,15
1285,487,76,18.00,20
1286,488,61,28.50,20
1287,488,77,13.00,2
1288,489,65,21.05,40
1289,489,75,7.75,20
1290,490,13,6.00,4
1291,490,41,9.65,12
1292,491,16,17.45,3
1293,492,36,19.00,6
1294,492,52,7.00,18
1295,493,28,45.60,5
1296,493,35,18.00,35
1297,493,45,9.50,40
1298,493,56,38.00,14
1299,494,2,19.00,15
1300,495,3,10.00,20
1301,495,60,34.00,50
1302,495,72,34.80,35
1303,496,46,12.00,28
1304,497,40,18.40,50
1305,498,18,62.50,24
1306,498,44,19.45,16
1307,498,59,55.00,45
1308,498,72,34.80,7
1309,499,13,6.00,6
1310,499,42,14.00,28
1311,499,62,49.30,9
1312,499,69,36.00,40
1313,500,31,12.50,8
1314,500,41,9.65,35
1315,500,63,43.90,9
1316,500,69,36.00,30
1317,501,23,9.00,44
1318,501,40,18.40,40
1319,501,56,38.00,28
1320,502,56,38.00,15
1321,502,59,55.00,6
1322,502,76,18.00,10
1323,503,14,23.25,5
1324,503,45,9.50,40
1325,503,59,55.00,25
1326,504,26,31.23,12
1327,504,30,25.89,30
1328,504,50,16.25,20
1329,504,73,15.00,15
1330,505,1,18.00,8
1331,505,69,36.00,3
1332,506,45,9.50,4
1333,506,74,10.00,5
1334,507,40,18.40,3
1335,508,47,9.50,30
1336,508,56,38.00,30
1337,508,57,19.50,14
1338,508,69,36.00,25
1339,509,18,62.50,21
1340,509,36,19.00,20
1341,509,68,12.50,6
1342,509,69,36.00,20
1343,510,34,14.00,30
1344,510,59,55.00,7
1345,510,62,49.30,30
1346,510,64,33.25,24
1347,511,26,31.23,20
1348,511,52,7.00,60
1349,511,70,15.00,40
1350,512,32,32.00,10
1351,513,25,14.00,12
1352,513,27,43.90,40
1353,513,43,46.00,30
1354,514,25,14.00,35
1355,514,75,7.75,18
1356,515,39,18.00,16
1357,515,47,9.50,30
1358,515,51,53.00,28
1359,515,56,38.00,60
1360,516,21,10.00,40
1361,516,22,21.00,6
1362,516,24,4.50,20
1363,517,3,10.00,20
1364,517,39,18.00,130
1365,518,65,21.05,80
1366,519,2,19.00,40
1367,519,7,30.00,35
1368,519,68,12.50,40
1369,520,42,14.00,2
1370,521,22,21.00,4
1371,521,31,12.50,50
1372,521,60,34.00,15
1373,521,71,21.50,12
1374,522,41,9.65,30
1375,522,52,7.00,15
1376,522,61,28.50,20
1377,522,62,49.30,15
1378,523,11,21.00,15
1379,524,71,21.50,16
1380,525,29,123.79,18
1381,525,59,55.00,25
1382,526,17,39.00,33
1383,526,31,12.50,70
1384,526,75,7.75,7
1385,527,31,12.50,2
1386,527,66,17.00,50
1387,528,10,31.00,6
1388,528,67,14.00,3
1389,529,31,12.50,16
1390,529,42,14.00,12
1391,529,45,9.50,27
1392,529,51,53.00,120
1393,530,42,14.00,20
1394,531,41,9.65,10
1395,532,16,17.45,20
1396,532,62,49.30,20
1397,533,70,15.00,35
1398,533,77,13.00,15
1399,534,54,7.45,3
1400,534,56,38.00,20
1401,534,74,10.00,35
1402,535,31,12.50,1
1403,536,31,12.50,10
1404,536,38,263.50,5
1405,537,36,19.00,30
1406,537,39,18.00,2
1407,537,72,34.80,30
1408,538,10,31.00,10
1409,538,75,7.75,10
1410,539,8,40.00,30
1411,539,30,25.89,15
1412,539,75,7.75,42
1413,540,2,19.00,15
1414,540,29,123.79,20
1415,541,19,9.20,50
1416,541,75,7.75,40
1417,542,18,62.50,30
1418,542,35,18.00,15
1419,542,63,43.90,30
1420,542,68,12.50,18
1421,543,7,30.00,3
1422,543,56,38.00,20
1423,544,29,123.79,14
1424,544,41,9.65,20
1425,545,2,19.00,10
1426,545,54,7.45,3
1427,545,68,12.50,15
1428,546,41,9.65,14
1429,546,52,7.00,8
1430,547,14,23.25,15
1431,547,54,7.45,6
1432,548,16,17.45,65
1433,548,17,39.00,35
1434,549,26,31.23,21
1435,549,44,19.45,10
1436,549,64,33.25,35
1437,549,69,36.00,24
1438,550,11,21.00,20
1439,551,62,49.30,2
1440,551,72,34.80,10
1441,552,13,6.00,20
1442,552,24,4.50,20
1443,552,59,55.00,25
1444,553,11,21.00,50
1445,553,51,53.00,10
1446,553,54,7.45,7
1447,554,17,39.00,40
1448,554,29,123.79,20
1449,555,30,25.89,25
1450,555,51,53.00,30
1451,555,55,24.00,60
1452,555,62,49.30,5
1453,556,19,9.20,24
1454,556,25,14.00,15
1455,556,59,55.00,15
1456,557,10,31.00,36
1457,557,28,45.60,24
1458,557,49,20.00,4
1459,558,34,14.00,10
1460,558,38,263.50,10
1461,559,2,19.00,20
1462,559,65,21.05,2
1463,559,74,10.00,15
1464,560,40,18.40,1
1465,561,56,38.00,20
1466,561,76,18.00,50
1467,562,52,7.00,20
1468,563,13,6.00,7
1469,563,25,14.00,5
1470,563,70,15.00,5
1471,564,19,9.20,15
1472,564,23,9.00,18
1473,564,40,18.40,30
1474,565,31,12.50,16
1475,565,72,34.80,40
1476,565,77,13.00,20
1477,566,2,19.00,12
1478,566,46,12.00,35
1479,567,41,9.65,20
1480,567,43,46.00,20
1481,567,48,12.75,8
1482,567,61,28.50,30
1483,568,33,2.50,16
1484,569,38,263.50,30
1485,569,62,49.30,20
1486,570,26,31.23,40
1487,570,38,263.50,30
1488,570,40,18.40,60
1489,570,62,49.30,25
1490,571,32,32.00,20
1491,571,41,9.65,20
1492,572,43,46.00,7
1493,572,75,7.75,20
1494,573,56,38.00,30
1495,574,35,18.00,20
1496,574,51,53.00,6
1497,575,62,49.30,3
1498,575,70,15.00,6
1499,576,11,21.00,20
1500,576,57,19.50,15
1501,576,59,55.00,40
1502,576,77,13.00,15
1503,577,41,9.65,12
1504,577,70,15.00,9
1505,578,26,31.23,12
1506,578,53,32.80,20
1507,579,31,12.50,35
1508,579,57,19.50,15
1509,580,10,31.00,15
1510,580,39,18.00,21
1511,581,20,81.00,5
1512,581,38,263.50,2
1513,582,2,19.00,10
1514,582,8,40.00,20
1515,582,13,6.00,10
1516,582,60,34.00,21
1517,583,6,25.00,6
1518,583,39,18.00,28
1519,583,60,34.00,30
1520,583,68,12.50,24
1521,584,19,9.20,2
1522,584,35,18.00,8
1523,584,38,263.50,8
1524,584,43,46.00,9
1525,585,13,6.00,3
1526,585,25,14.00,10
1527,585,44,19.45,16
1528,585,64,33.25,3
1529,586,7,30.00,20
1530,586,31,12.50,9
1531,586,53,32.80,9
1532,587,29,123.79,8
1533,587,30,25.89,20
1534,588,59,55.00,15
1535,588,77,13.00,2
1536,589,22,21.00,52
1537,589,35,18.00,6
1538,589,57,19.50,24
1539,589,60,34.00,60
1540,589,64,33.25,30
1541,590,13,6.00,6
1542,590,40,18.40,25
1543,590,47,9.50,40
1544,590,76,18.00,21
1545,591,1,18.00,4
1546,591,18,62.50,25
1547,591,36,19.00,50
1548,592,58,13.25,30
1549,592,72,34.80,15
1550,593,25,14.00,6
1551,593,39,18.00,10
1552,594,10,31.00,16
1553,594,56,38.00,30
1554,594,59,55.00,50
1555,594,77,13.00,15
1556,595,11,21.00,15
1557,595,43,46.00,5
1558,595,68,12.50,20
1559,595,70,15.00,12
1560,596,51,53.00,4
1561,597,22,21.00,35
1562,598,23,9.00,70
1563,598,35,18.00,25
1564,598,42,14.00,42
1565,598,58,13.25,60
1566,598,64,33.25,48
1567,599,4,22.00,21
1568,599,70,15.00,30
1569,599,74,10.00,20
1570,600,1,18.00,80
1571,600,19,9.20,12
1572,600,37,26.00,60
1573,600,45,9.50,36
1574,600,60,34.00,45
1575,600,71,21.50,55
1576,601,5,21.35,30
1577,601,9,97.00,3
1578,602,3,10.00,49
1579,602,26,31.23,18
1580,603,25,14.00,20
1581,603,33,2.50,4
1582,603,70,15.00,30
1583,604,2,19.00,5
1584,604,25,14.00,10
1585,604,57,19.50,10
1586,604,59,55.00,42
1587,605,2,19.00,15
1588,605,17,39.00,6
1589,605,62,49.30,50
1590,606,18,62.50,10
1591,607,10,31.00,100
1592,607,13,6.00,65
1593,608,16,17.45,50
1594,608,31,12.50,14
1595,608,56,38.00,24
1596,608,65,21.05,15
1597,609,2,19.00,20
1598,609,42,14.00,20
1599,610,3,10.00,30
1600,610,26,31.23,35
1601,610,29,123.79,10
1602,611,7,30.00,5
1603,611,27,43.90,10
1604,611,70,15.00,4
1605,612,24,4.50,40
1606,612,54,7.45,35
1607,612,64,33.25,30
1608,613,51,53.00,3
1609,613,76,18.00,20
1610,614,17,39.00,42
1611,614,18,62.50,20
1612,614,21,10.00,40
1613,614,33,2.50,35
1614,614,62,49.30,3
1615,615,11,21.00,25
1616,615,52,7.00,8
1617,616,1,18.00,20
1618,616,58,13.25,12
1619,617,35,18.00,4
1620,617,67,14.00,15
1621,618,38,263.50,60
1622,618,39,18.00,80
1623,619,2,19.00,21
1624,619,24,4.50,6
1625,619,30,25.89,40
1626,620,53,32.80,3
1627,621,26,31.23,20
1628,621,35,18.00,30
1629,621,49,20.00,42
1630,622,1,18.00,40
1631,622,11,21.00,10
1632,622,23,9.00,50
1633,622,68,12.50,20
1634,623,35,18.00,3
1635,623,51,53.00,2
1636,624,6,25.00,50
1637,624,16,17.45,12
1638,624,17,39.00,16
1639,625,55,24.00,10
1640,625,62,49.30,20
1641,625,64,33.25,15
1642,625,65,21.05,21
1643,626,21,10.00,20
1644,626,28,45.60,3
1645,627,10,31.00,10
1646,628,19,9.20,25
1647,628,47,9.50,21
1648,628,49,20.00,15
1649,629,46,12.00,21
1650,629,64,33.25,20
1651,630,16,17.45,30
1652,630,18,62.50,25
1653,631,20,81.00,20
1654,632,40,18.40,12
1655,632,65,21.05,10
1656,632,76,18.00,10
1657,633,23,9.00,30
1658,633,61,28.50,30
1659,633,70,15.00,50
1660,634,73,15.00,10
1661,635,42,14.00,25
1662,635,49,20.00,20
1663,635,54,7.45,32
1664,636,24,4.50,8
1665,637,21,10.00,40
1666,637,56,38.00,21
1667,637,65,21.05,12
1668,638,2,19.00,20
1669,638,24,4.50,12
1670,638,70,15.00,30
1671,638,77,13.00,25
1672,639,10,31.00,70
1673,639,31,12.50,35
1674,639,77,13.00,40
1675,640,25,14.00,5
1676,641,2,19.00,20
1677,641,68,12.50,18
1678,642,11,21.00,40
1679,642,38,263.50,40
1680,643,17,39.00,15
1681,643,34,14.00,10
1682,643,41,9.65,14
1683,644,30,25.89,15
1684,645,59,55.00,40
1685,646,8,40.00,30
1686,646,24,4.50,10
1687,646,29,123.79,24
1688,646,30,25.89,35
1689,646,36,19.00,20
1690,647,13,6.00,28
1691,647,69,36.00,50
1692,647,75,7.75,120
1693,648,24,4.50,110
1694,648,39,18.00,45
1695,648,40,18.40,91
1696,648,60,34.00,100
1697,649,45,9.50,15
1698,649,56,38.00,16
1699,650,29,123.79,80
1700,650,30,25.89,36
1701,651,13,6.00,5
1702,652,39,18.00,8
1703,653,70,15.00,3
1704,654,41,9.65,30
1705,654,71,21.50,30
1706,655,55,24.00,30
1707,655,62,49.30,6
1708,656,13,6.00,40
1709,656,65,21.05,21
1710,656,68,12.50,20
1711,657,58,13.25,15
1712,657,62,49.30,35
1713,658,1,18.00,20
1714,659,61,28.50,15
1715,660,75,7.75,14
1716,661,7,30.00,20
1717,661,52,7.00,14
1718,662,7,30.00,12
1719,662,16,17.45,15
1720,662,41,9.65,5
1721,663,19,9.20,12
1722,663,49,20.00,10
1723,663,61,28.50,5
1724,664,1,18.00,10
1725,664,17,39.00,12
1726,664,67,14.00,15
1727,665,11,21.00,40
1728,665,29,123.79,60
1729,666,4,22.00,30
1730,666,33,2.50,40
1731,666,58,13.25,15
1732,667,71,21.50,25
1733,668,17,39.00,10
1734,668,33,2.50,30
1735,668,54,7.45,10
1736,669,16,17.45,6
1737,669,32,32.00,6
1738,669,57,19.50,20
1739,670,30,25.89,1
1740,670,60,34.00,10
1741,671,1,18.00,60
1742,671,60,34.00,25
1743,672,16,17.45,24
1744,672,25,14.00,24
1745,672,40,18.40,20
1746,673,50,16.25,24
1747,674,35,18.00,10
1748,674,63,43.90,40
1749,675,17,39.00,15
1750,675,24,4.50,35
1751,676,42,14.00,10
1752,676,43,46.00,10
1753,676,67,14.00,24
1754,677,10,31.00,20
1755,677,28,45.60,30
1756,677,75,7.75,6
1757,678,36,19.00,25
1758,678,52,7.00,12
1759,679,11,21.00,2
1760,679,13,6.00,10
1761,679,19,9.20,7
1762,679,72,34.80,10
1763,680,20,81.00,5
1764,680,52,7.00,5
1765,680,76,18.00,20
1766,681,47,9.50,5
1767,681,76,18.00,5
1768,682,21,10.00,60
1769,682,75,7.75,49
1770,682,77,13.00,15
1771,683,21,10.00,36
1772,683,27,43.90,25
1773,683,55,24.00,25
1774,683,58,13.25,30
1775,684,13,6.00,42
1776,684,57,19.50,30
1777,685,16,17.45,30
1778,685,62,49.30,14
1779,685,72,34.80,16
1780,685,75,7.75,20
1781,686,53,32.80,2
1782,686,61,28.50,30
1783,687,6,25.00,20
1784,688,1,18.00,21
1785,688,18,62.50,4
1786,688,23,9.00,8
1787,689,36,19.00,30
1788,690,28,45.60,8
1789,690,34,14.00,20
1790,691,13,6.00,20
1791,691,43,46.00,24
1792,691,60,34.00,49
1793,691,71,21.50,35
1794,692,2,19.00,10
1795,692,67,14.00,40
1796,693,7,30.00,8
1797,693,13,6.00,20
1798,694,31,12.50,44
1799,694,62,49.30,30
1800,694,68,12.50,80
1801,694,72,34.80,50
1802,695,49,20.00,28
1803,696,13,6.00,15
1804,696,22,21.00,21
1805,696,46,12.00,15
1806,697,11,21.00,5
1807,697,44,19.45,18
1808,697,56,38.00,18
1809,698,13,6.00,20
1810,698,31,12.50,10
1811,699,10,31.00,25
1812,699,24,4.50,25
1813,699,77,13.00,40
1814,700,59,55.00,4
1815,701,50,16.25,9
1816,701,51,53.00,40
1817,701,55,24.00,4
1818,702,6,25.00,12
1819,702,10,31.00,30
1820,702,17,39.00,6
1821,702,62,49.30,60
1822,703,4,22.00,5
1823,704,33,2.50,15
1824,704,41,9.65,6
1825,704,75,7.75,50
1826,705,6,25.00,16
1827,705,28,45.60,2
1828,706,20,81.00,50
1829,706,31,12.50,50
1830,707,16,17.45,28
1831,707,31,12.50,25
1832,707,45,9.50,30
1833,707,60,34.00,24
1834,708,75,7.75,12
1835,709,21,10.00,12
1836,709,47,9.50,14
1837,709,51,53.00,8
1838,710,30,25.89,30
1839,710,35,18.00,40
1840,710,64,33.25,8
1841,711,5,21.35,20
1842,711,7,30.00,6
1843,711,72,34.80,5
1844,712,75,7.75,20
1845,713,24,4.50,10
1846,713,41,9.65,24
1847,714,52,7.00,6
1848,714,76,18.00,60
1849,715,7,30.00,45
1850,715,13,6.00,77
1851,715,53,32.80,20
1852,715,69,36.00,9
1853,715,76,18.00,44
1854,716,60,34.00,2
1855,717,18,62.50,6
1856,717,38,263.50,5
1857,717,69,36.00,10
1858,718,51,53.00,16
1859,719,37,26.00,8
1860,719,56,38.00,12
1861,719,62,49.30,12
1862,720,19,9.20,12
1863,720,49,20.00,40
1864,721,12,38.00,30
1865,721,24,4.50,30
1866,721,64,33.25,4
1867,722,46,12.00,9
1868,723,52,7.00,40
1869,724,29,123.79,14
1870,725,17,39.00,6
1871,725,33,2.50,7
1872,726,26,31.23,5
1873,726,41,9.65,6
1874,726,75,7.75,10
1875,727,63,43.90,10
1876,728,8,40.00,16
1877,728,75,7.75,10
1878,729,28,45.60,20
1879,730,39,18.00,30
1880,730,47,9.50,30
1881,730,51,53.00,10
1882,730,63,43.90,20
1883,731,8,40.00,20
1884,731,21,10.00,40
1885,731,40,18.40,10
1886,731,44,19.45,6
1887,732,7,30.00,18
1888,732,12,38.00,20
1889,732,24,4.50,80
1890,732,27,43.90,30
1891,732,31,12.50,24
1892,732,63,43.90,35
1893,733,75,7.75,40
1894,734,38,263.50,60
1895,735,7,30.00,20
1896,735,43,46.00,9
1897,736,13,6.00,84
1898,736,57,19.50,15
1899,737,16,17.45,55
1900,737,24,4.50,20
1901,737,36,19.00,40
1902,738,16,17.45,36
1903,738,18,62.50,8
1904,738,32,32.00,35
1905,739,11,21.00,30
1906,739,20,81.00,15
1907,739,76,18.00,10
1908,739,77,13.00,15
1909,740,7,30.00,60
1910,740,43,46.00,6
1911,740,72,34.80,20
1912,741,7,30.00,60
1913,741,62,49.30,40
1914,742,6,25.00,40
1915,742,11,21.00,15
1916,742,41,9.65,4
1917,743,21,10.00,65
1918,743,34,14.00,60
1919,743,55,24.00,65
1920,743,61,28.50,66
1921,744,2,19.00,50
1922,744,70,15.00,20
1923,744,76,18.00,90
1924,745,72,34.80,2
1925,746,29,123.79,50
1926,746,41,9.65,35
1927,747,59,55.00,18
1928,748,51,53.00,20
1929,748,60,34.00,4
1930,749,42,14.00,40
1931,750,32,32.00,50
1932,750,46,12.00,20
1933,750,52,7.00,20
1934,751,24,4.50,12
1935,751,61,28.50,7
1936,751,74,10.00,20
1937,751,75,7.75,30
1938,752,41,9.65,20
1939,752,51,53.00,15
1940,752,77,13.00,21
1941,753,4,22.00,25
1942,753,24,4.50,30
1943,753,77,13.00,30
1944,754,7,30.00,60
1945,754,22,21.00,25
1946,754,46,12.00,25
1947,754,55,24.00,6
1948,755,13,6.00,56
1949,755,35,18.00,15
1950,755,42,14.00,24
1951,755,55,24.00,40
1952,756,1,18.00,4
1953,756,40,18.40,10
1954,756,52,7.00,10
1955,757,26,31.23,6
1956,757,76,18.00,6
1957,758,1,18.00,2
1958,758,59,55.00,10
1959,759,1,18.00,8
1960,759,29,123.79,2
1961,760,8,40.00,30
1962,760,29,123.79,10
1963,760,42,14.00,14
1964,761,28,45.60,70
1965,761,34,14.00,90
1966,761,71,21.50,21
1967,762,24,4.50,12
1968,762,36,19.00,18
1969,762,60,34.00,9
1970,763,7,30.00,20
1971,763,24,4.50,10
1972,764,58,13.25,40
1973,764,71,21.50,20
1974,765,19,9.20,50
1975,765,60,34.00,36
1976,765,71,21.50,60
1977,766,23,9.00,10
1978,766,42,14.00,4
1979,766,45,9.50,20
1980,766,68,12.50,2
1981,767,41,9.65,28
1982,768,30,25.89,15
1983,768,77,13.00,18
1984,769,31,12.50,15
1985,769,36,19.00,16
1986,770,3,10.00,25
1987,770,59,55.00,110
1988,770,70,15.00,30
1989,771,12,38.00,20
1990,771,18,62.50,10
1991,771,56,38.00,5
1992,772,46,12.00,3
1993,772,49,20.00,2
1994,773,10,31.00,24
1995,774,2,19.00,11
1996,774,20,81.00,15
1997,774,26,31.23,63
1998,774,51,53.00,44
1999,774,72,34.80,35
2000,775,19,9.20,35
2001,775,69,36.00,30
2002,776,7,30.00,4
2003,776,43,46.00,30
2004,777,26,31.23,12
2005,777,33,2.50,30
2006,777,65,21.05,21
2007,777,71,21.50,50
2008,778,1,18.00,10
2009,778,13,6.00,20
2010,779,18,62.50,8
2011,779,51,53.00,10
2012,780,24,4.50,30
2013,780,62,49.30,21
2014,781,55,24.00,35
2015,781,59,55.00,24
2016,782,56,38.00,20
2017,782,63,43.90,12
2018,783,2,19.00,100
2019,783,5,21.35,70
2020,783,29,123.79,60
2021,783,59,55.00,100
2022,784,1,18.00,45
2023,784,13,6.00,80
2024,784,24,4.50,21
2025,784,64,33.25,20
2026,784,71,21.50,16
2027,785,36,19.00,35
2028,785,38,263.50,25
2029,785,59,55.00,30
2030,786,53,32.80,70
2031,786,69,36.00,36
2032,787,21,10.00,15
2033,787,44,19.45,12
2034,787,61,28.50,6
2035,788,1,18.00,10
2036,788,35,18.00,60
2037,788,42,14.00,30
2038,788,54,7.45,10
2039,789,13,6.00,7
2040,789,59,55.00,30
2041,790,70,15.00,4
2042,791,40,18.40,5
2043,791,52,7.00,2
2044,791,71,21.50,30
2045,792,28,45.60,20
2046,792,35,18.00,24
2047,792,49,20.00,60
2048,792,57,19.50,28
2049,793,21,10.00,20
2050,794,2,19.00,30
2051,794,63,43.90,30
2052,795,44,19.45,15
2053,795,61,28.50,4
2054,796,11,21.00,10
2055,797,62,49.30,12
2056,798,33,2.50,15
2057,798,51,53.00,24
2058,799,12,38.00,20
2059,799,32,32.00,15
2060,799,35,18.00,18
2061,800,1,18.00,25
2062,800,5,21.35,30
2063,801,68,12.50,42
2064,802,2,19.00,10
2065,802,12,38.00,4
2066,803,76,18.00,50
2067,804,24,4.50,10
2068,805,43,46.00,30
2069,805,61,28.50,10
2070,806,18,62.50,35
2071,806,32,32.00,20
2072,806,64,33.25,25
2073,807,33,2.50,10
2074,807,67,14.00,20
2075,808,24,4.50,15
2076,808,25,14.00,15
2077,808,51,53.00,20
2078,808,57,19.50,20
2079,809,7,30.00,40
2080,809,55,24.00,35
2081,809,60,34.00,50
2082,810,70,15.00,3
2083,811,21,10.00,3
2084,811,60,34.00,21
2085,811,61,28.50,4
2086,812,13,6.00,30
2087,812,17,39.00,12
2088,812,60,34.00,35
2089,813,60,34.00,4
2090,813,77,13.00,10
2091,814,60,34.00,15
2092,815,53,32.80,10
2093,815,70,15.00,12
2094,816,34,14.00,30
2095,816,40,18.40,40
2096,816,41,9.65,30
2097,817,17,39.00,77
2098,817,41,9.65,12
2099,817,53,32.80,25
2100,817,55,24.00,4
2101,817,68,12.50,55
2102,818,30,25.89,4
2103,818,54,7.45,20
2104,819,16,17.45,3
2105,819,19,9.20,42
2106,819,34,14.00,35
2107,820,41,9.65,9
2108,821,28,45.60,8
2109,821,43,46.00,36
2110,821,77,13.00,28
2111,822,39,18.00,20
2112,823,1,18.00,40
2113,823,2,19.00,20
2114,823,16,17.45,30
2115,823,31,12.50,20
2116,824,7,30.00,15
2117,824,13,6.00,10
2118,825,2,19.00,8
2119,825,41,9.65,40
2120,825,50,16.25,22
2121,825,64,33.25,130
2122,826,11,21.00,10
2123,826,24,4.50,20
2124,827,16,17.45,14
2125,828,2,19.00,10
2126,828,46,12.00,30
2127,828,76,18.00,2
2128,829,6,25.00,20
2129,829,14,23.25,20
2130,829,19,9.20,10
2131,830,2,19.00,24
2132,830,3,10.00,4
2133,830,4,22.00,1
2134,830,6,25.00,1
2135,830,7,30.00,1
2136,830,8,40.00,2
2137,830,10,31.00,1
2138,830,12,38.00,2
2139,830,13,6.00,4
2140,830,14,23.25,1
2141,830,16,17.45,2
2142,830,20,81.00,1
2143,830,23,9.00,2
2144,830,32,32.00,1
2145,830,39,18.00,2
2146,830,41,9.65,3
2147,830,46,12.00,3
2148,830,52,7.00,2
2149,830,55,24.00,2
2150,830,60,34.00,2
2151,830,64,33.25,2
2152,830,66,17.00,1
2153,830,73,15.00,2
2154,830,75,7.75,4
2155,830,77,13.00,2